database_id,target_id,comparator_id,analysis_id,covariate_id,coefficient
cdm_premier_covid_v1240,16733,16736,1,0,-2.501357916366808
cdm_premier_covid_v1240,16733,16736,1,201340212,0.9761631154311088
cdm_premier_covid_v1240,16733,16736,1,200219212,0.5056528160614296
cdm_premier_covid_v1240,16733,16736,1,441408212,0.43082805324538953
cdm_premier_covid_v1240,16733,16736,1,440029212,-0.40440389453522896
cdm_premier_covid_v1240,16733,16736,1,4144111212,0.33609536229205067
cdm_premier_covid_v1240,16733,16736,1,4190185212,0.3151351404753172
cdm_premier_covid_v1240,16733,16736,1,17003,-0.2917707622819352
cdm_premier_covid_v1240,16733,16736,1,4291005212,-0.277771971724155
cdm_premier_covid_v1240,16733,16736,1,4116811212,0.276048427858099
cdm_premier_covid_v1240,16733,16736,1,436073212,-0.24237554755105595
cdm_premier_covid_v1240,16733,16736,1,133729212,0.22279560705892626
cdm_premier_covid_v1240,16733,16736,1,441829212,-0.20800307061705514
cdm_premier_covid_v1240,16733,16736,1,437833212,0.2058321214892448
cdm_premier_covid_v1240,16733,16736,1,437390212,-0.19062313626194052
cdm_premier_covid_v1240,16733,16736,1,16003,-0.1895800905564087
cdm_premier_covid_v1240,16733,16736,1,256451212,0.16616373711628676
cdm_premier_covid_v1240,16733,16736,1,4034964212,0.16452282995098075
cdm_premier_covid_v1240,16733,16736,1,261880212,0.15511950355715345
cdm_premier_covid_v1240,16733,16736,1,433595212,0.14806154141759034
cdm_premier_covid_v1240,16733,16736,1,6003,0.14714203320079164
cdm_premier_covid_v1240,16733,16736,1,42537748212,0.14683799662056157
cdm_premier_covid_v1240,16733,16736,1,31967212,0.1425289802145803
cdm_premier_covid_v1240,16733,16736,1,318800212,0.14140454720222512
cdm_premier_covid_v1240,16733,16736,1,374888212,-0.13560588565671566
cdm_premier_covid_v1240,16733,16736,1,4207184212,-0.13460522444862466
cdm_premier_covid_v1240,16733,16736,1,8003,0.12790646499261332
cdm_premier_covid_v1240,16733,16736,1,194087212,-0.1243483419600924
cdm_premier_covid_v1240,16733,16736,1,436096212,-0.12290217593619698
cdm_premier_covid_v1240,16733,16736,1,4132314212,-0.12288934477003005
cdm_premier_covid_v1240,16733,16736,1,377091212,0.11934873858039537
cdm_premier_covid_v1240,16733,16736,1,4158346212,-0.11699154114535824
cdm_premier_covid_v1240,16733,16736,1,444100212,0.11130310536151569
cdm_premier_covid_v1240,16733,16736,1,4301699212,0.11078761124681562
cdm_premier_covid_v1240,16733,16736,1,4060556212,0.10800141848624654
cdm_premier_covid_v1240,16733,16736,1,376686212,-0.10690562774940483
cdm_premier_covid_v1240,16733,16736,1,81902212,0.10483004763338322
cdm_premier_covid_v1240,16733,16736,1,37016349212,-0.10158927087412145
cdm_premier_covid_v1240,16733,16736,1,4092879212,0.09988625122723768
cdm_premier_covid_v1240,16733,16736,1,44784217212,0.09820683839641475
cdm_premier_covid_v1240,16733,16736,1,18003,-0.09565258393427027
cdm_premier_covid_v1240,16733,16736,1,4192640212,0.09467807960489814
cdm_premier_covid_v1240,16733,16736,1,372654212,0.09465204226192833
cdm_premier_covid_v1240,16733,16736,1,376961212,-0.0916979042311581
cdm_premier_covid_v1240,16733,16736,1,4145825212,-0.09089922903713916
cdm_premier_covid_v1240,16733,16736,1,435515212,0.08855704888076413
cdm_premier_covid_v1240,16733,16736,1,433736212,0.07855383680130403
cdm_premier_covid_v1240,16733,16736,1,4242411212,-0.0772926990195062
cdm_premier_covid_v1240,16733,16736,1,46270151212,0.0698740153277544
cdm_premier_covid_v1240,16733,16736,1,435517212,-0.06963345967906183
cdm_premier_covid_v1240,16733,16736,1,37311061212,0.06770148897005003
cdm_premier_covid_v1240,16733,16736,1,4008576212,0.06755668696981774
cdm_premier_covid_v1240,16733,16736,1,5003,0.06721577750880671
cdm_premier_covid_v1240,16733,16736,1,4029269212,-0.06432957626256137
cdm_premier_covid_v1240,16733,16736,1,4256228212,-0.06394425591032388
cdm_premier_covid_v1240,16733,16736,1,4004672212,-0.06328970555685863
cdm_premier_covid_v1240,16733,16736,1,444031212,-0.062237757735469246
cdm_premier_covid_v1240,16733,16736,1,4344497212,0.05833907200219946
cdm_premier_covid_v1240,16733,16736,1,80502212,-0.05800201591762347
cdm_premier_covid_v1240,16733,16736,1,438730212,-0.05794083378535897
cdm_premier_covid_v1240,16733,16736,1,435796212,0.05454219087625468
cdm_premier_covid_v1240,16733,16736,1,441542212,0.05363058608985574
cdm_premier_covid_v1240,16733,16736,1,4063381212,0.05229837122638314
cdm_premier_covid_v1240,16733,16736,1,439392212,0.049889328385474836
cdm_premier_covid_v1240,16733,16736,1,201820212,0.04920020811405345
cdm_premier_covid_v1240,16733,16736,1,443601212,0.046069093297017805
cdm_premier_covid_v1240,16733,16736,1,4112341212,-0.04479717024219897
cdm_premier_covid_v1240,16733,16736,1,442588212,-0.04475892571077769
cdm_premier_covid_v1240,16733,16736,1,4185932212,-0.044542667825057114
cdm_premier_covid_v1240,16733,16736,1,4093780212,0.04369560482423023
cdm_premier_covid_v1240,16733,16736,1,4022830212,-0.04205054248834175
cdm_premier_covid_v1240,16733,16736,1,198803212,-0.03838663110195181
cdm_premier_covid_v1240,16733,16736,1,44782429212,0.03809656114741807
cdm_premier_covid_v1240,16733,16736,1,14003,-0.037171645457016414
cdm_premier_covid_v1240,16733,16736,1,4025938212,0.03703252040776302
cdm_premier_covid_v1240,16733,16736,1,4209423212,0.036946760438831924
cdm_premier_covid_v1240,16733,16736,1,40484533212,0.03659369855534826
cdm_premier_covid_v1240,16733,16736,1,4178680212,0.0335790638387032
cdm_premier_covid_v1240,16733,16736,1,8532001,0.032867731849649924
cdm_premier_covid_v1240,16733,16736,1,437827212,0.03277335038703585
cdm_premier_covid_v1240,16733,16736,1,436222212,-0.030966976108638276
cdm_premier_covid_v1240,16733,16736,1,4175297212,-0.02888998733752386
cdm_premier_covid_v1240,16733,16736,1,4129389212,0.026792835501869974
cdm_premier_covid_v1240,16733,16736,1,4170143212,-0.024885114696077612
cdm_premier_covid_v1240,16733,16736,1,4101343212,0.02307587326188816
cdm_premier_covid_v1240,16733,16736,1,4088937212,0.02154549383493285
cdm_premier_covid_v1240,16733,16736,1,11003,0.021463365216048046
cdm_premier_covid_v1240,16733,16736,1,4223659212,-0.0206007847652804
cdm_premier_covid_v1240,16733,16736,1,444108212,-0.019732757780917497
cdm_premier_covid_v1240,16733,16736,1,317009212,0.019447859348620384
cdm_premier_covid_v1240,16733,16736,1,40481841212,-0.018815180672047776
cdm_premier_covid_v1240,16733,16736,1,4201128212,0.018221518425681583
cdm_premier_covid_v1240,16733,16736,1,4080011212,-0.017858670858580634
cdm_premier_covid_v1240,16733,16736,1,37017432212,-0.017723089393168977
cdm_premier_covid_v1240,16733,16736,1,320128212,0.01669823745863326
cdm_premier_covid_v1240,16733,16736,1,4098604212,0.016574813919161907
cdm_premier_covid_v1240,16733,16736,1,42536605212,0.016372017097165653
cdm_premier_covid_v1240,16733,16736,1,31317212,0.015686575185860342
cdm_premier_covid_v1240,16733,16736,1,4138840212,-0.015266212543512294
cdm_premier_covid_v1240,16733,16736,1,9003,0.015067243095949456
cdm_premier_covid_v1240,16733,16736,1,40483111212,-0.013480133467364533
cdm_premier_covid_v1240,16733,16736,1,4009650212,-0.013335953665066973
cdm_premier_covid_v1240,16733,16736,1,196523212,0.012369592811400217
cdm_premier_covid_v1240,16733,16736,1,40481919212,0.011554592775245615
cdm_premier_covid_v1240,16733,16736,1,4041664212,-0.010464131431795299
cdm_premier_covid_v1240,16733,16736,1,37018424212,0.009560023539650454
cdm_premier_covid_v1240,16733,16736,1,4332151212,0.004520980081776706
cdm_premier_covid_v1240,16733,16736,1,4100065212,-0.004087465946063607
cdm_premier_covid_v1240,16733,16736,1,435613212,0.003863021416706865
cdm_premier_covid_v1240,16733,16736,1,321588212,0.003395127708058936
cdm_premier_covid_v1240,16733,16736,1,4013991212,0.0033229926487790256
cdm_premier_covid_v1240,16733,16736,1,4245042212,0.002467899326413441
cdm_premier_covid_v1240,16733,16736,1,4134440212,-0.002443444328854449
cdm_premier_covid_v1240,16733,16736,1,4341650212,-0.001647911489509512
cdm_premier_covid_v1240,16733,16736,1,4209145212,9.785874017225094e-4
cdm_premier_covid_v1240,16733,16736,1,197032212,-8.391480677078124e-4
cdm_premier_covid_v1240,16733,16736,1,443784212,-3.431704849688695e-4
cdm_premier_covid_v1240,16733,16736,1,443732212,-3.057770521436356e-4
cdm_premier_covid_v1240,16733,16736,1,4080146212,2.3077954187756145e-4
cdm_premier_covid_v1240,16733,16736,1,4213310212,-1.845683329951839e-4
cdm_premier_covid_v1240,16733,16736,1,435224212,1.2499054880397612e-4
cdm_premier_covid_v1240,16733,16738,1,5007,1.13742064683798
cdm_premier_covid_v1240,16733,16738,1,201340212,0.9181724195765845
cdm_premier_covid_v1240,16733,16738,1,437390212,-0.7072679413798041
cdm_premier_covid_v1240,16733,16738,1,444094212,0.6304982594690062
cdm_premier_covid_v1240,16733,16738,1,4216316212,0.6110790020774564
cdm_premier_covid_v1240,16733,16738,1,2007,0.5874101067810452
cdm_premier_covid_v1240,16733,16738,1,37311061212,-0.5617470081051364
cdm_premier_covid_v1240,16733,16738,1,4092879212,0.5159375161793649
cdm_premier_covid_v1240,16733,16738,1,31317212,0.5039264454997491
cdm_premier_covid_v1240,16733,16738,1,261326212,-0.4911265822997553
cdm_premier_covid_v1240,16733,16738,1,4158346212,-0.4614640604361149
cdm_premier_covid_v1240,16733,16738,1,200219212,0.44444553489847377
cdm_premier_covid_v1240,16733,16738,1,4116811212,0.41167564157727426
cdm_premier_covid_v1240,16733,16738,1,0,-0.39806818274702843
cdm_premier_covid_v1240,16733,16738,1,4129389212,0.39790953242125704
cdm_premier_covid_v1240,16733,16738,1,4144111212,0.3972227176644081
cdm_premier_covid_v1240,16733,16738,1,440921212,0.3695846456594021
cdm_premier_covid_v1240,16733,16738,1,441408212,0.34041004616861337
cdm_premier_covid_v1240,16733,16738,1,4041664212,-0.33833799160262434
cdm_premier_covid_v1240,16733,16738,1,4134294212,0.3250080951984451
cdm_premier_covid_v1240,16733,16738,1,437833212,0.32492204958113324
cdm_premier_covid_v1240,16733,16738,1,377091212,0.32280388119604403
cdm_premier_covid_v1240,16733,16738,1,443410212,-0.3084192331873579
cdm_premier_covid_v1240,16733,16738,1,44784217212,0.30744323633844556
cdm_premier_covid_v1240,16733,16738,1,4231363212,0.29416499208454944
cdm_premier_covid_v1240,16733,16738,1,3007,0.2907231309800881
cdm_premier_covid_v1240,16733,16738,1,444100212,0.2794445623611403
cdm_premier_covid_v1240,16733,16738,1,432585212,0.2792065884322351
cdm_premier_covid_v1240,16733,16738,1,443916212,-0.2618578367693861
cdm_premier_covid_v1240,16733,16738,1,432739212,-0.2542264942154336
cdm_premier_covid_v1240,16733,16738,1,434610212,-0.253219836800336
cdm_premier_covid_v1240,16733,16738,1,4208662212,-0.2395936328752227
cdm_premier_covid_v1240,16733,16738,1,4233565212,0.23431933040612105
cdm_premier_covid_v1240,16733,16738,1,135333212,0.2334253884636071
cdm_premier_covid_v1240,16733,16738,1,42537748212,0.22989835573484266
cdm_premier_covid_v1240,16733,16738,1,4209423212,0.2087989487647886
cdm_premier_covid_v1240,16733,16738,1,4190185212,0.20681133070030022
cdm_premier_covid_v1240,16733,16738,1,436096212,-0.20466212889214885
cdm_premier_covid_v1240,16733,16738,1,442310212,0.19804755323961937
cdm_premier_covid_v1240,16733,16738,1,4034964212,0.1979909292067066
cdm_premier_covid_v1240,16733,16738,1,4063381212,0.1922072296129563
cdm_premier_covid_v1240,16733,16738,1,4028367212,0.1797969042463634
cdm_premier_covid_v1240,16733,16738,1,43021132212,0.17732707622517838
cdm_premier_covid_v1240,16733,16738,1,44782429212,0.17579139668591484
cdm_premier_covid_v1240,16733,16738,1,17003,-0.17388169089975322
cdm_premier_covid_v1240,16733,16738,1,81902212,0.1686788603585987
cdm_premier_covid_v1240,16733,16738,1,4093780212,0.1565885553385586
cdm_premier_covid_v1240,16733,16738,1,4138840212,-0.15307339766318404
cdm_premier_covid_v1240,16733,16738,1,8532001,0.15209132964741454
cdm_premier_covid_v1240,16733,16738,1,16003,-0.14998559692064245
cdm_premier_covid_v1240,16733,16738,1,435613212,0.14763379418173256
cdm_premier_covid_v1240,16733,16738,1,4150129212,-0.14625317349423078
cdm_premier_covid_v1240,16733,16738,1,435742212,0.14497063241271504
cdm_premier_covid_v1240,16733,16738,1,312437212,-0.1399036136822232
cdm_premier_covid_v1240,16733,16738,1,40484533212,0.13374288622628824
cdm_premier_covid_v1240,16733,16738,1,254761212,-0.129223386429371
cdm_premier_covid_v1240,16733,16738,1,31967212,0.12879099443093225
cdm_premier_covid_v1240,16733,16738,1,4192640212,0.12763723949608302
cdm_premier_covid_v1240,16733,16738,1,441829212,-0.12679540155903504
cdm_premier_covid_v1240,16733,16738,1,432545212,0.12497919724835453
cdm_premier_covid_v1240,16733,16738,1,256451212,0.12358393588119979
cdm_premier_covid_v1240,16733,16738,1,45768910212,-0.11956494000322568
cdm_premier_covid_v1240,16733,16738,1,4145825212,-0.11880418576369875
cdm_premier_covid_v1240,16733,16738,1,196236212,0.11784353852229604
cdm_premier_covid_v1240,16733,16738,1,5003,0.11438664629767159
cdm_premier_covid_v1240,16733,16738,1,4029269212,-0.11332029030266362
cdm_premier_covid_v1240,16733,16738,1,42536605212,0.1044844692948454
cdm_premier_covid_v1240,16733,16738,1,312349212,-0.10444716848925172
cdm_premier_covid_v1240,16733,16738,1,372654212,0.10345080481236237
cdm_premier_covid_v1240,16733,16738,1,4193704212,0.10251133649144228
cdm_premier_covid_v1240,16733,16738,1,195847212,0.10236160733753598
cdm_premier_covid_v1240,16733,16738,1,4006969212,-0.10186730953713559
cdm_premier_covid_v1240,16733,16738,1,37109843212,0.10081832686864935
cdm_premier_covid_v1240,16733,16738,1,261880212,0.09969225124908115
cdm_premier_covid_v1240,16733,16738,1,80502212,-0.09521054823480665
cdm_premier_covid_v1240,16733,16738,1,437113212,-0.09412838285829067
cdm_premier_covid_v1240,16733,16738,1,374009212,0.09002918279684143
cdm_premier_covid_v1240,16733,16738,1,4344497212,0.08764608335116633
cdm_premier_covid_v1240,16733,16738,1,40321716212,0.08580542960117551
cdm_premier_covid_v1240,16733,16738,1,4176946212,-0.08436513810069483
cdm_premier_covid_v1240,16733,16738,1,4098604212,0.08432456493501253
cdm_premier_covid_v1240,16733,16738,1,4028389212,-0.08361423088181465
cdm_premier_covid_v1240,16733,16738,1,4022830212,-0.08285511800291956
cdm_premier_covid_v1240,16733,16738,1,442077212,0.08246666212478425
cdm_premier_covid_v1240,16733,16738,1,4043371212,0.08129598774889575
cdm_premier_covid_v1240,16733,16738,1,4185932212,-0.07828038626036848
cdm_premier_covid_v1240,16733,16738,1,40481841212,-0.07793401607582728
cdm_premier_covid_v1240,16733,16738,1,433595212,0.07641667631398537
cdm_premier_covid_v1240,16733,16738,1,435796212,0.07460582846278896
cdm_premier_covid_v1240,16733,16738,1,439392212,0.0730226114496622
cdm_premier_covid_v1240,16733,16738,1,4181064212,0.072911183621008
cdm_premier_covid_v1240,16733,16738,1,6003,0.07051573612061952
cdm_premier_covid_v1240,16733,16738,1,194087212,-0.07036541107703273
cdm_premier_covid_v1240,16733,16738,1,4182210212,0.07022261286780383
cdm_premier_covid_v1240,16733,16738,1,194990212,-0.06893625153546103
cdm_premier_covid_v1240,16733,16738,1,320128212,0.0643692298733059
cdm_premier_covid_v1240,16733,16738,1,437779212,0.06218572123955507
cdm_premier_covid_v1240,16733,16738,1,140673212,0.051541055740958235
cdm_premier_covid_v1240,16733,16738,1,73553212,-0.050866152416187284
cdm_premier_covid_v1240,16733,16738,1,435875212,0.05060095854389285
cdm_premier_covid_v1240,16733,16738,1,4291005212,-0.05022157691548679
cdm_premier_covid_v1240,16733,16738,1,4132926212,0.04797187502846189
cdm_premier_covid_v1240,16733,16738,1,198803212,-0.04570769975750051
cdm_premier_covid_v1240,16733,16738,1,4266367212,0.04547535548170663
cdm_premier_covid_v1240,16733,16738,1,4004672212,-0.04225955174675349
cdm_premier_covid_v1240,16733,16738,1,253506212,-0.04162113648904705
cdm_premier_covid_v1240,16733,16738,1,8003,0.038987836183880006
cdm_premier_covid_v1240,16733,16738,1,4101343212,0.03874906649911112
cdm_premier_covid_v1240,16733,16738,1,4316083212,0.03790841262870914
cdm_premier_covid_v1240,16733,16738,1,317009212,-0.03694239252807444
cdm_premier_covid_v1240,16733,16738,1,4018852212,-0.03457841320494525
cdm_premier_covid_v1240,16733,16738,1,435839212,0.031298607051767444
cdm_premier_covid_v1240,16733,16738,1,255573212,0.028132791854581753
cdm_premier_covid_v1240,16733,16738,1,4119786212,-0.02554588066714212
cdm_premier_covid_v1240,16733,16738,1,9003,0.024804872502002567
cdm_premier_covid_v1240,16733,16738,1,442588212,-0.024431733705064154
cdm_premier_covid_v1240,16733,16738,1,437663212,-0.024122454431821098
cdm_premier_covid_v1240,16733,16738,1,79864212,0.01840113027513757
cdm_premier_covid_v1240,16733,16738,1,4301699212,0.013491880647142185
cdm_premier_covid_v1240,16733,16738,1,37395564212,-0.011427642348552258
cdm_premier_covid_v1240,16733,16738,1,4201128212,0.010969869680598236
cdm_premier_covid_v1240,16733,16738,1,4068155212,0.01096293497093328
cdm_premier_covid_v1240,16733,16738,1,4277745212,0.010429934880361884
cdm_premier_covid_v1240,16733,16738,1,4134440212,-0.007824217476974381
cdm_premier_covid_v1240,16733,16738,1,435224212,0.007761243423294447
cdm_premier_covid_v1240,16733,16738,1,4187218212,0.006608308135743266
cdm_premier_covid_v1240,16733,16738,1,433736212,0.005718128686369615
cdm_premier_covid_v1240,16733,16738,1,197032212,-0.0052663064139895945
cdm_premier_covid_v1240,16733,16738,1,4013991212,0.004945712513687391
cdm_premier_covid_v1240,16733,16738,1,321052212,-0.004727680971407054
cdm_premier_covid_v1240,16733,16738,1,4175297212,-0.004418690692144521
cdm_premier_covid_v1240,16733,16738,1,438720212,-0.004338191793716474
cdm_premier_covid_v1240,16733,16738,1,40481919212,0.0032068287862149422
cdm_premier_covid_v1240,16733,16738,1,42537730212,0.0017140149824311061
cdm_premier_covid_v1240,16733,16738,1,312339212,0.0011314501526665625
cdm_premier_covid_v1240,16733,16738,1,132797212,0.0011010107882140252
cdm_premier_covid_v1240,16733,16738,1,435515212,9.424855894205801e-4
cdm_premier_covid_v1240,16733,16738,1,4318404212,-5.473467583187141e-4
cdm_premier_covid_v1240,16733,16738,1,443612212,3.525922618775474e-4
cdm_premier_covid_v1240,16733,16738,1,4341650212,-1.6681168274488412e-4
cdm_premier_covid_v1240,16733,16738,1,4306082212,1.2317984435452245e-4
cdm_premier_covid_v1240,16733,16739,1,192671212,-1.2516771718453383
cdm_premier_covid_v1240,16733,16739,1,444094212,0.8250402319554347
cdm_premier_covid_v1240,16733,16739,1,318800212,-0.7140881471453381
cdm_premier_covid_v1240,16733,16739,1,4103703212,-0.637809871636807
cdm_premier_covid_v1240,16733,16739,1,0,0.5521538800967972
cdm_premier_covid_v1240,16733,16739,1,434621212,-0.26448889390244806
cdm_premier_covid_v1240,16733,16739,1,4104000212,-0.260999375875743
cdm_premier_covid_v1240,16733,16739,1,443784212,-0.25328857757502665
cdm_premier_covid_v1240,16733,16739,1,4027369212,-0.19200817867244227
cdm_premier_covid_v1240,16733,16739,1,4027663212,-0.1869341976653103
cdm_premier_covid_v1240,16733,16739,1,444031212,-0.17220610483403287
cdm_premier_covid_v1240,16733,16739,1,436096212,-0.15225353514326667
cdm_premier_covid_v1240,16733,16739,1,4307774212,-0.14709852495885584
cdm_premier_covid_v1240,16733,16739,1,4272240212,-0.14272737322623855
cdm_premier_covid_v1240,16733,16739,1,4193169212,0.13718838505867043
cdm_premier_covid_v1240,16733,16739,1,316139212,-0.1354844881405897
cdm_premier_covid_v1240,16733,16739,1,4030518212,-0.127699063834557
cdm_premier_covid_v1240,16733,16739,1,433163212,-0.12767185343273546
cdm_premier_covid_v1240,16733,16739,1,319049212,-0.1147031574201252
cdm_premier_covid_v1240,16733,16739,1,40481841212,-0.1107127759246057
cdm_premier_covid_v1240,16733,16739,1,442588212,-0.10752289249678519
cdm_premier_covid_v1240,16733,16739,1,4187768212,-0.09929516443155911
cdm_premier_covid_v1240,16733,16739,1,433736212,0.09714800778252299
cdm_premier_covid_v1240,16733,16739,1,437390212,-0.09699184535417528
cdm_premier_covid_v1240,16733,16739,1,4170569212,-0.09208700419712731
cdm_premier_covid_v1240,16733,16739,1,439777212,-0.088865046860719693
cdm_premier_covid_v1240,16733,16739,1,4047791212,0.07772243854520192
cdm_premier_covid_v1240,16733,16739,1,4193990212,-0.07733652843608897
cdm_premier_covid_v1240,16733,16739,1,73553212,-0.07670870418761247
cdm_premier_covid_v1240,16733,16739,1,4080762212,-0.07572272868433315
cdm_premier_covid_v1240,16733,16739,1,4179670212,-0.07121698278147663
cdm_premier_covid_v1240,16733,16739,1,140673212,-0.06974464374155637
cdm_premier_covid_v1240,16733,16739,1,46271075212,-0.06687085821552148
cdm_premier_covid_v1240,16733,16739,1,4144111212,-0.05944808640622891
cdm_premier_covid_v1240,16733,16739,1,261326212,0.057517526209241214
cdm_premier_covid_v1240,16733,16739,1,4063381212,-0.05698440272370095
cdm_premier_covid_v1240,16733,16739,1,2007,-0.05647658748884829
cdm_premier_covid_v1240,16733,16739,1,4185932212,-0.052105734487290764
cdm_premier_covid_v1240,16733,16739,1,4280354212,-0.05080583213653941
cdm_premier_covid_v1240,16733,16739,1,433595212,0.04645156663830795
cdm_premier_covid_v1240,16733,16739,1,437113212,-0.037577426052107996
cdm_premier_covid_v1240,16733,16739,1,197032212,-0.03648846341431046
cdm_premier_covid_v1240,16733,16739,1,4132090212,-0.033877013758094474
cdm_premier_covid_v1240,16733,16739,1,8003,0.03357911009668942
cdm_premier_covid_v1240,16733,16739,1,4182210212,0.03314655231987743
cdm_premier_covid_v1240,16733,16739,1,198803212,-0.03164597937749865
cdm_premier_covid_v1240,16733,16739,1,257004212,-0.025916908387473202
cdm_premier_covid_v1240,16733,16739,1,4176946212,-0.022535758091883074
cdm_premier_covid_v1240,16733,16739,1,4013074212,-0.02104695172680856
cdm_premier_covid_v1240,16733,16739,1,192359212,-0.020508624820380402
cdm_premier_covid_v1240,16733,16739,1,4087640212,-0.01998734355399299
cdm_premier_covid_v1240,16733,16739,1,8507001,0.01844958662907893
cdm_premier_covid_v1240,16733,16739,1,4042074212,0.017845412496021923
cdm_premier_covid_v1240,16733,16739,1,313217212,-0.017591741053585526
cdm_premier_covid_v1240,16733,16739,1,14003,-0.017567941417880317
cdm_premier_covid_v1240,16733,16739,1,316866212,-0.017328718499313195
cdm_premier_covid_v1240,16733,16739,1,261880212,0.017089060964256733
cdm_premier_covid_v1240,16733,16739,1,435515212,0.016963684512753954
cdm_premier_covid_v1240,16733,16739,1,4101343212,-0.012806343864328839
cdm_premier_covid_v1240,16733,16739,1,254761212,0.01175593318054146
cdm_premier_covid_v1240,16733,16739,1,132797212,0.011478360661576998
cdm_premier_covid_v1240,16733,16739,1,4009650212,-0.00666662592183482
cdm_premier_covid_v1240,16733,16739,1,4004672212,-0.0046344060791765835
cdm_premier_covid_v1240,16733,16739,1,4028244212,-0.004618684676414768
cdm_premier_covid_v1240,16733,16739,1,3007,0.004461979278261572
cdm_premier_covid_v1240,16733,16739,1,438485212,-0.0026836333749197696
cdm_premier_covid_v1240,16733,16739,1,4013842212,-1.3515198254417948e-4
cdm_premier_covid_v1240,16761,16762,1,317009212,-1.343851563571529
cdm_premier_covid_v1240,16761,16762,1,257004212,-0.3225752378668505
cdm_premier_covid_v1240,16761,16762,1,252662212,-0.272837823455656
cdm_premier_covid_v1240,16761,16762,1,255573212,-0.237363203814248
cdm_premier_covid_v1240,16761,16762,1,4329041212,0.18477416774938554
cdm_premier_covid_v1240,16761,16762,1,437390212,-0.17416837036799807
cdm_premier_covid_v1240,16761,16762,1,444100212,0.12895052037706028
cdm_premier_covid_v1240,16761,16762,1,433736212,-0.07263769028792023
cdm_premier_covid_v1240,16761,16762,1,198124212,0.06592842611943074
cdm_premier_covid_v1240,16761,16762,1,8507001,0.036164878585869455
cdm_premier_covid_v1240,16761,16762,1,437833212,0.029730468237645358
cdm_premier_covid_v1240,16761,16762,1,4028244212,0.023225756505461787
cdm_premier_covid_v1240,16761,16762,1,0,-0.023004382593146997
cdm_premier_covid_v1240,16761,16762,1,435227212,0.008624292888453594
cdm_premier_covid_v1240,16761,16762,1,4276360212,0.0050298734651115515
cdm_premier_covid_v1240,16733,16736,2,0,-2.501357916366808
cdm_premier_covid_v1240,16733,16736,2,201340212,0.9761631154311088
cdm_premier_covid_v1240,16733,16736,2,200219212,0.5056528160614296
cdm_premier_covid_v1240,16733,16736,2,441408212,0.43082805324538953
cdm_premier_covid_v1240,16733,16736,2,440029212,-0.40440389453522896
cdm_premier_covid_v1240,16733,16736,2,4144111212,0.33609536229205067
cdm_premier_covid_v1240,16733,16736,2,4190185212,0.3151351404753172
cdm_premier_covid_v1240,16733,16736,2,17003,-0.2917707622819352
cdm_premier_covid_v1240,16733,16736,2,4291005212,-0.277771971724155
cdm_premier_covid_v1240,16733,16736,2,4116811212,0.276048427858099
cdm_premier_covid_v1240,16733,16736,2,436073212,-0.24237554755105595
cdm_premier_covid_v1240,16733,16736,2,133729212,0.22279560705892626
cdm_premier_covid_v1240,16733,16736,2,441829212,-0.20800307061705514
cdm_premier_covid_v1240,16733,16736,2,437833212,0.2058321214892448
cdm_premier_covid_v1240,16733,16736,2,437390212,-0.19062313626194052
cdm_premier_covid_v1240,16733,16736,2,16003,-0.1895800905564087
cdm_premier_covid_v1240,16733,16736,2,256451212,0.16616373711628676
cdm_premier_covid_v1240,16733,16736,2,4034964212,0.16452282995098075
cdm_premier_covid_v1240,16733,16736,2,261880212,0.15511950355715345
cdm_premier_covid_v1240,16733,16736,2,433595212,0.14806154141759034
cdm_premier_covid_v1240,16733,16736,2,6003,0.14714203320079164
cdm_premier_covid_v1240,16733,16736,2,42537748212,0.14683799662056157
cdm_premier_covid_v1240,16733,16736,2,31967212,0.1425289802145803
cdm_premier_covid_v1240,16733,16736,2,318800212,0.14140454720222512
cdm_premier_covid_v1240,16733,16736,2,374888212,-0.13560588565671566
cdm_premier_covid_v1240,16733,16736,2,4207184212,-0.13460522444862466
cdm_premier_covid_v1240,16733,16736,2,8003,0.12790646499261332
cdm_premier_covid_v1240,16733,16736,2,194087212,-0.1243483419600924
cdm_premier_covid_v1240,16733,16736,2,436096212,-0.12290217593619698
cdm_premier_covid_v1240,16733,16736,2,4132314212,-0.12288934477003005
cdm_premier_covid_v1240,16733,16736,2,377091212,0.11934873858039537
cdm_premier_covid_v1240,16733,16736,2,4158346212,-0.11699154114535824
cdm_premier_covid_v1240,16733,16736,2,444100212,0.11130310536151569
cdm_premier_covid_v1240,16733,16736,2,4301699212,0.11078761124681562
cdm_premier_covid_v1240,16733,16736,2,4060556212,0.10800141848624654
cdm_premier_covid_v1240,16733,16736,2,376686212,-0.10690562774940483
cdm_premier_covid_v1240,16733,16736,2,81902212,0.10483004763338322
cdm_premier_covid_v1240,16733,16736,2,37016349212,-0.10158927087412145
cdm_premier_covid_v1240,16733,16736,2,4092879212,0.09988625122723768
cdm_premier_covid_v1240,16733,16736,2,44784217212,0.09820683839641475
cdm_premier_covid_v1240,16733,16736,2,18003,-0.09565258393427027
cdm_premier_covid_v1240,16733,16736,2,4192640212,0.09467807960489814
cdm_premier_covid_v1240,16733,16736,2,372654212,0.09465204226192833
cdm_premier_covid_v1240,16733,16736,2,376961212,-0.0916979042311581
cdm_premier_covid_v1240,16733,16736,2,4145825212,-0.09089922903713916
cdm_premier_covid_v1240,16733,16736,2,435515212,0.08855704888076413
cdm_premier_covid_v1240,16733,16736,2,433736212,0.07855383680130403
cdm_premier_covid_v1240,16733,16736,2,4242411212,-0.0772926990195062
cdm_premier_covid_v1240,16733,16736,2,46270151212,0.0698740153277544
cdm_premier_covid_v1240,16733,16736,2,435517212,-0.06963345967906183
cdm_premier_covid_v1240,16733,16736,2,37311061212,0.06770148897005003
cdm_premier_covid_v1240,16733,16736,2,4008576212,0.06755668696981774
cdm_premier_covid_v1240,16733,16736,2,5003,0.06721577750880671
cdm_premier_covid_v1240,16733,16736,2,4029269212,-0.06432957626256137
cdm_premier_covid_v1240,16733,16736,2,4256228212,-0.06394425591032388
cdm_premier_covid_v1240,16733,16736,2,4004672212,-0.06328970555685863
cdm_premier_covid_v1240,16733,16736,2,444031212,-0.062237757735469246
cdm_premier_covid_v1240,16733,16736,2,4344497212,0.05833907200219946
cdm_premier_covid_v1240,16733,16736,2,80502212,-0.05800201591762347
cdm_premier_covid_v1240,16733,16736,2,438730212,-0.05794083378535897
cdm_premier_covid_v1240,16733,16736,2,435796212,0.05454219087625468
cdm_premier_covid_v1240,16733,16736,2,441542212,0.05363058608985574
cdm_premier_covid_v1240,16733,16736,2,4063381212,0.05229837122638314
cdm_premier_covid_v1240,16733,16736,2,439392212,0.049889328385474836
cdm_premier_covid_v1240,16733,16736,2,201820212,0.04920020811405345
cdm_premier_covid_v1240,16733,16736,2,443601212,0.046069093297017805
cdm_premier_covid_v1240,16733,16736,2,4112341212,-0.04479717024219897
cdm_premier_covid_v1240,16733,16736,2,442588212,-0.04475892571077769
cdm_premier_covid_v1240,16733,16736,2,4185932212,-0.044542667825057114
cdm_premier_covid_v1240,16733,16736,2,4093780212,0.04369560482423023
cdm_premier_covid_v1240,16733,16736,2,4022830212,-0.04205054248834175
cdm_premier_covid_v1240,16733,16736,2,198803212,-0.03838663110195181
cdm_premier_covid_v1240,16733,16736,2,44782429212,0.03809656114741807
cdm_premier_covid_v1240,16733,16736,2,14003,-0.037171645457016414
cdm_premier_covid_v1240,16733,16736,2,4025938212,0.03703252040776302
cdm_premier_covid_v1240,16733,16736,2,4209423212,0.036946760438831924
cdm_premier_covid_v1240,16733,16736,2,40484533212,0.03659369855534826
cdm_premier_covid_v1240,16733,16736,2,4178680212,0.0335790638387032
cdm_premier_covid_v1240,16733,16736,2,8532001,0.032867731849649924
cdm_premier_covid_v1240,16733,16736,2,437827212,0.03277335038703585
cdm_premier_covid_v1240,16733,16736,2,436222212,-0.030966976108638276
cdm_premier_covid_v1240,16733,16736,2,4175297212,-0.02888998733752386
cdm_premier_covid_v1240,16733,16736,2,4129389212,0.026792835501869974
cdm_premier_covid_v1240,16733,16736,2,4170143212,-0.024885114696077612
cdm_premier_covid_v1240,16733,16736,2,4101343212,0.02307587326188816
cdm_premier_covid_v1240,16733,16736,2,4088937212,0.02154549383493285
cdm_premier_covid_v1240,16733,16736,2,11003,0.021463365216048046
cdm_premier_covid_v1240,16733,16736,2,4223659212,-0.0206007847652804
cdm_premier_covid_v1240,16733,16736,2,444108212,-0.019732757780917497
cdm_premier_covid_v1240,16733,16736,2,317009212,0.019447859348620384
cdm_premier_covid_v1240,16733,16736,2,40481841212,-0.018815180672047776
cdm_premier_covid_v1240,16733,16736,2,4201128212,0.018221518425681583
cdm_premier_covid_v1240,16733,16736,2,4080011212,-0.017858670858580634
cdm_premier_covid_v1240,16733,16736,2,37017432212,-0.017723089393168977
cdm_premier_covid_v1240,16733,16736,2,320128212,0.01669823745863326
cdm_premier_covid_v1240,16733,16736,2,4098604212,0.016574813919161907
cdm_premier_covid_v1240,16733,16736,2,42536605212,0.016372017097165653
cdm_premier_covid_v1240,16733,16736,2,31317212,0.015686575185860342
cdm_premier_covid_v1240,16733,16736,2,4138840212,-0.015266212543512294
cdm_premier_covid_v1240,16733,16736,2,9003,0.015067243095949456
cdm_premier_covid_v1240,16733,16736,2,40483111212,-0.013480133467364533
cdm_premier_covid_v1240,16733,16736,2,4009650212,-0.013335953665066973
cdm_premier_covid_v1240,16733,16736,2,196523212,0.012369592811400217
cdm_premier_covid_v1240,16733,16736,2,40481919212,0.011554592775245615
cdm_premier_covid_v1240,16733,16736,2,4041664212,-0.010464131431795299
cdm_premier_covid_v1240,16733,16736,2,37018424212,0.009560023539650454
cdm_premier_covid_v1240,16733,16736,2,4332151212,0.004520980081776706
cdm_premier_covid_v1240,16733,16736,2,4100065212,-0.004087465946063607
cdm_premier_covid_v1240,16733,16736,2,435613212,0.003863021416706865
cdm_premier_covid_v1240,16733,16736,2,321588212,0.003395127708058936
cdm_premier_covid_v1240,16733,16736,2,4013991212,0.0033229926487790256
cdm_premier_covid_v1240,16733,16736,2,4245042212,0.002467899326413441
cdm_premier_covid_v1240,16733,16736,2,4134440212,-0.002443444328854449
cdm_premier_covid_v1240,16733,16736,2,4341650212,-0.001647911489509512
cdm_premier_covid_v1240,16733,16736,2,4209145212,9.785874017225094e-4
cdm_premier_covid_v1240,16733,16736,2,197032212,-8.391480677078124e-4
cdm_premier_covid_v1240,16733,16736,2,443784212,-3.431704849688695e-4
cdm_premier_covid_v1240,16733,16736,2,443732212,-3.057770521436356e-4
cdm_premier_covid_v1240,16733,16736,2,4080146212,2.3077954187756145e-4
cdm_premier_covid_v1240,16733,16736,2,4213310212,-1.845683329951839e-4
cdm_premier_covid_v1240,16733,16736,2,435224212,1.2499054880397612e-4
cdm_premier_covid_v1240,16733,16738,2,5007,1.13742064683798
cdm_premier_covid_v1240,16733,16738,2,201340212,0.9181724195765845
cdm_premier_covid_v1240,16733,16738,2,437390212,-0.7072679413798041
cdm_premier_covid_v1240,16733,16738,2,444094212,0.6304982594690062
cdm_premier_covid_v1240,16733,16738,2,4216316212,0.6110790020774564
cdm_premier_covid_v1240,16733,16738,2,2007,0.5874101067810452
cdm_premier_covid_v1240,16733,16738,2,37311061212,-0.5617470081051364
cdm_premier_covid_v1240,16733,16738,2,4092879212,0.5159375161793649
cdm_premier_covid_v1240,16733,16738,2,31317212,0.5039264454997491
cdm_premier_covid_v1240,16733,16738,2,261326212,-0.4911265822997553
cdm_premier_covid_v1240,16733,16738,2,4158346212,-0.4614640604361149
cdm_premier_covid_v1240,16733,16738,2,200219212,0.44444553489847377
cdm_premier_covid_v1240,16733,16738,2,4116811212,0.41167564157727426
cdm_premier_covid_v1240,16733,16738,2,0,-0.39806818274702843
cdm_premier_covid_v1240,16733,16738,2,4129389212,0.39790953242125704
cdm_premier_covid_v1240,16733,16738,2,4144111212,0.3972227176644081
cdm_premier_covid_v1240,16733,16738,2,440921212,0.3695846456594021
cdm_premier_covid_v1240,16733,16738,2,441408212,0.34041004616861337
cdm_premier_covid_v1240,16733,16738,2,4041664212,-0.33833799160262434
cdm_premier_covid_v1240,16733,16738,2,4134294212,0.3250080951984451
cdm_premier_covid_v1240,16733,16738,2,437833212,0.32492204958113324
cdm_premier_covid_v1240,16733,16738,2,377091212,0.32280388119604403
cdm_premier_covid_v1240,16733,16738,2,443410212,-0.3084192331873579
cdm_premier_covid_v1240,16733,16738,2,44784217212,0.30744323633844556
cdm_premier_covid_v1240,16733,16738,2,4231363212,0.29416499208454944
cdm_premier_covid_v1240,16733,16738,2,3007,0.2907231309800881
cdm_premier_covid_v1240,16733,16738,2,444100212,0.2794445623611403
cdm_premier_covid_v1240,16733,16738,2,432585212,0.2792065884322351
cdm_premier_covid_v1240,16733,16738,2,443916212,-0.2618578367693861
cdm_premier_covid_v1240,16733,16738,2,432739212,-0.2542264942154336
cdm_premier_covid_v1240,16733,16738,2,434610212,-0.253219836800336
cdm_premier_covid_v1240,16733,16738,2,4208662212,-0.2395936328752227
cdm_premier_covid_v1240,16733,16738,2,4233565212,0.23431933040612105
cdm_premier_covid_v1240,16733,16738,2,135333212,0.2334253884636071
cdm_premier_covid_v1240,16733,16738,2,42537748212,0.22989835573484266
cdm_premier_covid_v1240,16733,16738,2,4209423212,0.2087989487647886
cdm_premier_covid_v1240,16733,16738,2,4190185212,0.20681133070030022
cdm_premier_covid_v1240,16733,16738,2,436096212,-0.20466212889214885
cdm_premier_covid_v1240,16733,16738,2,442310212,0.19804755323961937
cdm_premier_covid_v1240,16733,16738,2,4034964212,0.1979909292067066
cdm_premier_covid_v1240,16733,16738,2,4063381212,0.1922072296129563
cdm_premier_covid_v1240,16733,16738,2,4028367212,0.1797969042463634
cdm_premier_covid_v1240,16733,16738,2,43021132212,0.17732707622517838
cdm_premier_covid_v1240,16733,16738,2,44782429212,0.17579139668591484
cdm_premier_covid_v1240,16733,16738,2,17003,-0.17388169089975322
cdm_premier_covid_v1240,16733,16738,2,81902212,0.1686788603585987
cdm_premier_covid_v1240,16733,16738,2,4093780212,0.1565885553385586
cdm_premier_covid_v1240,16733,16738,2,4138840212,-0.15307339766318404
cdm_premier_covid_v1240,16733,16738,2,8532001,0.15209132964741454
cdm_premier_covid_v1240,16733,16738,2,16003,-0.14998559692064245
cdm_premier_covid_v1240,16733,16738,2,435613212,0.14763379418173256
cdm_premier_covid_v1240,16733,16738,2,4150129212,-0.14625317349423078
cdm_premier_covid_v1240,16733,16738,2,435742212,0.14497063241271504
cdm_premier_covid_v1240,16733,16738,2,312437212,-0.1399036136822232
cdm_premier_covid_v1240,16733,16738,2,40484533212,0.13374288622628824
cdm_premier_covid_v1240,16733,16738,2,254761212,-0.129223386429371
cdm_premier_covid_v1240,16733,16738,2,31967212,0.12879099443093225
cdm_premier_covid_v1240,16733,16738,2,4192640212,0.12763723949608302
cdm_premier_covid_v1240,16733,16738,2,441829212,-0.12679540155903504
cdm_premier_covid_v1240,16733,16738,2,432545212,0.12497919724835453
cdm_premier_covid_v1240,16733,16738,2,256451212,0.12358393588119979
cdm_premier_covid_v1240,16733,16738,2,45768910212,-0.11956494000322568
cdm_premier_covid_v1240,16733,16738,2,4145825212,-0.11880418576369875
cdm_premier_covid_v1240,16733,16738,2,196236212,0.11784353852229604
cdm_premier_covid_v1240,16733,16738,2,5003,0.11438664629767159
cdm_premier_covid_v1240,16733,16738,2,4029269212,-0.11332029030266362
cdm_premier_covid_v1240,16733,16738,2,42536605212,0.1044844692948454
cdm_premier_covid_v1240,16733,16738,2,312349212,-0.10444716848925172
cdm_premier_covid_v1240,16733,16738,2,372654212,0.10345080481236237
cdm_premier_covid_v1240,16733,16738,2,4193704212,0.10251133649144228
cdm_premier_covid_v1240,16733,16738,2,195847212,0.10236160733753598
cdm_premier_covid_v1240,16733,16738,2,4006969212,-0.10186730953713559
cdm_premier_covid_v1240,16733,16738,2,37109843212,0.10081832686864935
cdm_premier_covid_v1240,16733,16738,2,261880212,0.09969225124908115
cdm_premier_covid_v1240,16733,16738,2,80502212,-0.09521054823480665
cdm_premier_covid_v1240,16733,16738,2,437113212,-0.09412838285829067
cdm_premier_covid_v1240,16733,16738,2,374009212,0.09002918279684143
cdm_premier_covid_v1240,16733,16738,2,4344497212,0.08764608335116633
cdm_premier_covid_v1240,16733,16738,2,40321716212,0.08580542960117551
cdm_premier_covid_v1240,16733,16738,2,4176946212,-0.08436513810069483
cdm_premier_covid_v1240,16733,16738,2,4098604212,0.08432456493501253
cdm_premier_covid_v1240,16733,16738,2,4028389212,-0.08361423088181465
cdm_premier_covid_v1240,16733,16738,2,4022830212,-0.08285511800291956
cdm_premier_covid_v1240,16733,16738,2,442077212,0.08246666212478425
cdm_premier_covid_v1240,16733,16738,2,4043371212,0.08129598774889575
cdm_premier_covid_v1240,16733,16738,2,4185932212,-0.07828038626036848
cdm_premier_covid_v1240,16733,16738,2,40481841212,-0.07793401607582728
cdm_premier_covid_v1240,16733,16738,2,433595212,0.07641667631398537
cdm_premier_covid_v1240,16733,16738,2,435796212,0.07460582846278896
cdm_premier_covid_v1240,16733,16738,2,439392212,0.0730226114496622
cdm_premier_covid_v1240,16733,16738,2,4181064212,0.072911183621008
cdm_premier_covid_v1240,16733,16738,2,6003,0.07051573612061952
cdm_premier_covid_v1240,16733,16738,2,194087212,-0.07036541107703273
cdm_premier_covid_v1240,16733,16738,2,4182210212,0.07022261286780383
cdm_premier_covid_v1240,16733,16738,2,194990212,-0.06893625153546103
cdm_premier_covid_v1240,16733,16738,2,320128212,0.0643692298733059
cdm_premier_covid_v1240,16733,16738,2,437779212,0.06218572123955507
cdm_premier_covid_v1240,16733,16738,2,140673212,0.051541055740958235
cdm_premier_covid_v1240,16733,16738,2,73553212,-0.050866152416187284
cdm_premier_covid_v1240,16733,16738,2,435875212,0.05060095854389285
cdm_premier_covid_v1240,16733,16738,2,4291005212,-0.05022157691548679
cdm_premier_covid_v1240,16733,16738,2,4132926212,0.04797187502846189
cdm_premier_covid_v1240,16733,16738,2,198803212,-0.04570769975750051
cdm_premier_covid_v1240,16733,16738,2,4266367212,0.04547535548170663
cdm_premier_covid_v1240,16733,16738,2,4004672212,-0.04225955174675349
cdm_premier_covid_v1240,16733,16738,2,253506212,-0.04162113648904705
cdm_premier_covid_v1240,16733,16738,2,8003,0.038987836183880006
cdm_premier_covid_v1240,16733,16738,2,4101343212,0.03874906649911112
cdm_premier_covid_v1240,16733,16738,2,4316083212,0.03790841262870914
cdm_premier_covid_v1240,16733,16738,2,317009212,-0.03694239252807444
cdm_premier_covid_v1240,16733,16738,2,4018852212,-0.03457841320494525
cdm_premier_covid_v1240,16733,16738,2,435839212,0.031298607051767444
cdm_premier_covid_v1240,16733,16738,2,255573212,0.028132791854581753
cdm_premier_covid_v1240,16733,16738,2,4119786212,-0.02554588066714212
cdm_premier_covid_v1240,16733,16738,2,9003,0.024804872502002567
cdm_premier_covid_v1240,16733,16738,2,442588212,-0.024431733705064154
cdm_premier_covid_v1240,16733,16738,2,437663212,-0.024122454431821098
cdm_premier_covid_v1240,16733,16738,2,79864212,0.01840113027513757
cdm_premier_covid_v1240,16733,16738,2,4301699212,0.013491880647142185
cdm_premier_covid_v1240,16733,16738,2,37395564212,-0.011427642348552258
cdm_premier_covid_v1240,16733,16738,2,4201128212,0.010969869680598236
cdm_premier_covid_v1240,16733,16738,2,4068155212,0.01096293497093328
cdm_premier_covid_v1240,16733,16738,2,4277745212,0.010429934880361884
cdm_premier_covid_v1240,16733,16738,2,4134440212,-0.007824217476974381
cdm_premier_covid_v1240,16733,16738,2,435224212,0.007761243423294447
cdm_premier_covid_v1240,16733,16738,2,4187218212,0.006608308135743266
cdm_premier_covid_v1240,16733,16738,2,433736212,0.005718128686369615
cdm_premier_covid_v1240,16733,16738,2,197032212,-0.0052663064139895945
cdm_premier_covid_v1240,16733,16738,2,4013991212,0.004945712513687391
cdm_premier_covid_v1240,16733,16738,2,321052212,-0.004727680971407054
cdm_premier_covid_v1240,16733,16738,2,4175297212,-0.004418690692144521
cdm_premier_covid_v1240,16733,16738,2,438720212,-0.004338191793716474
cdm_premier_covid_v1240,16733,16738,2,40481919212,0.0032068287862149422
cdm_premier_covid_v1240,16733,16738,2,42537730212,0.0017140149824311061
cdm_premier_covid_v1240,16733,16738,2,312339212,0.0011314501526665625
cdm_premier_covid_v1240,16733,16738,2,132797212,0.0011010107882140252
cdm_premier_covid_v1240,16733,16738,2,435515212,9.424855894205801e-4
cdm_premier_covid_v1240,16733,16738,2,4318404212,-5.473467583187141e-4
cdm_premier_covid_v1240,16733,16738,2,443612212,3.525922618775474e-4
cdm_premier_covid_v1240,16733,16738,2,4341650212,-1.6681168274488412e-4
cdm_premier_covid_v1240,16733,16738,2,4306082212,1.2317984435452245e-4
cdm_premier_covid_v1240,16733,16739,2,192671212,-1.2516771718453383
cdm_premier_covid_v1240,16733,16739,2,444094212,0.8250402319554347
cdm_premier_covid_v1240,16733,16739,2,318800212,-0.7140881471453381
cdm_premier_covid_v1240,16733,16739,2,4103703212,-0.637809871636807
cdm_premier_covid_v1240,16733,16739,2,0,0.5521538800967972
cdm_premier_covid_v1240,16733,16739,2,434621212,-0.26448889390244806
cdm_premier_covid_v1240,16733,16739,2,4104000212,-0.260999375875743
cdm_premier_covid_v1240,16733,16739,2,443784212,-0.25328857757502665
cdm_premier_covid_v1240,16733,16739,2,4027369212,-0.19200817867244227
cdm_premier_covid_v1240,16733,16739,2,4027663212,-0.1869341976653103
cdm_premier_covid_v1240,16733,16739,2,444031212,-0.17220610483403287
cdm_premier_covid_v1240,16733,16739,2,436096212,-0.15225353514326667
cdm_premier_covid_v1240,16733,16739,2,4307774212,-0.14709852495885584
cdm_premier_covid_v1240,16733,16739,2,4272240212,-0.14272737322623855
cdm_premier_covid_v1240,16733,16739,2,4193169212,0.13718838505867043
cdm_premier_covid_v1240,16733,16739,2,316139212,-0.1354844881405897
cdm_premier_covid_v1240,16733,16739,2,4030518212,-0.127699063834557
cdm_premier_covid_v1240,16733,16739,2,433163212,-0.12767185343273546
cdm_premier_covid_v1240,16733,16739,2,319049212,-0.1147031574201252
cdm_premier_covid_v1240,16733,16739,2,40481841212,-0.1107127759246057
cdm_premier_covid_v1240,16733,16739,2,442588212,-0.10752289249678519
cdm_premier_covid_v1240,16733,16739,2,4187768212,-0.09929516443155911
cdm_premier_covid_v1240,16733,16739,2,433736212,0.09714800778252299
cdm_premier_covid_v1240,16733,16739,2,437390212,-0.09699184535417528
cdm_premier_covid_v1240,16733,16739,2,4170569212,-0.09208700419712731
cdm_premier_covid_v1240,16733,16739,2,439777212,-0.088865046860719693
cdm_premier_covid_v1240,16733,16739,2,4047791212,0.07772243854520192
cdm_premier_covid_v1240,16733,16739,2,4193990212,-0.07733652843608897
cdm_premier_covid_v1240,16733,16739,2,73553212,-0.07670870418761247
cdm_premier_covid_v1240,16733,16739,2,4080762212,-0.07572272868433315
cdm_premier_covid_v1240,16733,16739,2,4179670212,-0.07121698278147663
cdm_premier_covid_v1240,16733,16739,2,140673212,-0.06974464374155637
cdm_premier_covid_v1240,16733,16739,2,46271075212,-0.06687085821552148
cdm_premier_covid_v1240,16733,16739,2,4144111212,-0.05944808640622891
cdm_premier_covid_v1240,16733,16739,2,261326212,0.057517526209241214
cdm_premier_covid_v1240,16733,16739,2,4063381212,-0.05698440272370095
cdm_premier_covid_v1240,16733,16739,2,2007,-0.05647658748884829
cdm_premier_covid_v1240,16733,16739,2,4185932212,-0.052105734487290764
cdm_premier_covid_v1240,16733,16739,2,4280354212,-0.05080583213653941
cdm_premier_covid_v1240,16733,16739,2,433595212,0.04645156663830795
cdm_premier_covid_v1240,16733,16739,2,437113212,-0.037577426052107996
cdm_premier_covid_v1240,16733,16739,2,197032212,-0.03648846341431046
cdm_premier_covid_v1240,16733,16739,2,4132090212,-0.033877013758094474
cdm_premier_covid_v1240,16733,16739,2,8003,0.03357911009668942
cdm_premier_covid_v1240,16733,16739,2,4182210212,0.03314655231987743
cdm_premier_covid_v1240,16733,16739,2,198803212,-0.03164597937749865
cdm_premier_covid_v1240,16733,16739,2,257004212,-0.025916908387473202
cdm_premier_covid_v1240,16733,16739,2,4176946212,-0.022535758091883074
cdm_premier_covid_v1240,16733,16739,2,4013074212,-0.02104695172680856
cdm_premier_covid_v1240,16733,16739,2,192359212,-0.020508624820380402
cdm_premier_covid_v1240,16733,16739,2,4087640212,-0.01998734355399299
cdm_premier_covid_v1240,16733,16739,2,8507001,0.01844958662907893
cdm_premier_covid_v1240,16733,16739,2,4042074212,0.017845412496021923
cdm_premier_covid_v1240,16733,16739,2,313217212,-0.017591741053585526
cdm_premier_covid_v1240,16733,16739,2,14003,-0.017567941417880317
cdm_premier_covid_v1240,16733,16739,2,316866212,-0.017328718499313195
cdm_premier_covid_v1240,16733,16739,2,261880212,0.017089060964256733
cdm_premier_covid_v1240,16733,16739,2,435515212,0.016963684512753954
cdm_premier_covid_v1240,16733,16739,2,4101343212,-0.012806343864328839
cdm_premier_covid_v1240,16733,16739,2,254761212,0.01175593318054146
cdm_premier_covid_v1240,16733,16739,2,132797212,0.011478360661576998
cdm_premier_covid_v1240,16733,16739,2,4009650212,-0.00666662592183482
cdm_premier_covid_v1240,16733,16739,2,4004672212,-0.0046344060791765835
cdm_premier_covid_v1240,16733,16739,2,4028244212,-0.004618684676414768
cdm_premier_covid_v1240,16733,16739,2,3007,0.004461979278261572
cdm_premier_covid_v1240,16733,16739,2,438485212,-0.0026836333749197696
cdm_premier_covid_v1240,16733,16739,2,4013842212,-1.3515198254417948e-4
cdm_premier_covid_v1240,16761,16762,2,317009212,-1.343851563571529
cdm_premier_covid_v1240,16761,16762,2,257004212,-0.3225752378668505
cdm_premier_covid_v1240,16761,16762,2,252662212,-0.272837823455656
cdm_premier_covid_v1240,16761,16762,2,255573212,-0.237363203814248
cdm_premier_covid_v1240,16761,16762,2,4329041212,0.18477416774938554
cdm_premier_covid_v1240,16761,16762,2,437390212,-0.17416837036799807
cdm_premier_covid_v1240,16761,16762,2,444100212,0.12895052037706028
cdm_premier_covid_v1240,16761,16762,2,433736212,-0.07263769028792023
cdm_premier_covid_v1240,16761,16762,2,198124212,0.06592842611943074
cdm_premier_covid_v1240,16761,16762,2,8507001,0.036164878585869455
cdm_premier_covid_v1240,16761,16762,2,437833212,0.029730468237645358
cdm_premier_covid_v1240,16761,16762,2,4028244212,0.023225756505461787
cdm_premier_covid_v1240,16761,16762,2,0,-0.023004382593146997
cdm_premier_covid_v1240,16761,16762,2,435227212,0.008624292888453594
cdm_premier_covid_v1240,16761,16762,2,4276360212,0.0050298734651115515
cdm_premier_covid_v1240,16733,16736,3,0,-2.4950623000815013
cdm_premier_covid_v1240,16733,16736,3,201340212,0.9803073608728375
cdm_premier_covid_v1240,16733,16736,3,200219212,0.5059583301530771
cdm_premier_covid_v1240,16733,16736,3,441408212,0.43218715107798256
cdm_premier_covid_v1240,16733,16736,3,440029212,-0.40986824597228566
cdm_premier_covid_v1240,16733,16736,3,4144111212,0.3366425711343942
cdm_premier_covid_v1240,16733,16736,3,4190185212,0.31522006600109126
cdm_premier_covid_v1240,16733,16736,3,17003,-0.2933064595511908
cdm_premier_covid_v1240,16733,16736,3,4116811212,0.27679317317034924
cdm_premier_covid_v1240,16733,16736,3,4291005212,-0.2734263133499248
cdm_premier_covid_v1240,16733,16736,3,436073212,-0.24716028217276922
cdm_premier_covid_v1240,16733,16736,3,133729212,0.23039785898075635
cdm_premier_covid_v1240,16733,16736,3,441829212,-0.20936065984645247
cdm_premier_covid_v1240,16733,16736,3,437833212,0.2059938773622408
cdm_premier_covid_v1240,16733,16736,3,437390212,-0.19277899671520352
cdm_premier_covid_v1240,16733,16736,3,16003,-0.19176781683078442
cdm_premier_covid_v1240,16733,16736,3,256451212,0.1709400610712025
cdm_premier_covid_v1240,16733,16736,3,4034964212,0.17004728649056652
cdm_premier_covid_v1240,16733,16736,3,261880212,0.15813072750592777
cdm_premier_covid_v1240,16733,16736,3,433595212,0.15297687228335224
cdm_premier_covid_v1240,16733,16736,3,6003,0.15061228333258064
cdm_premier_covid_v1240,16733,16736,3,42537748212,0.1463797295079212
cdm_premier_covid_v1240,16733,16736,3,31967212,0.1429496507701095
cdm_premier_covid_v1240,16733,16736,3,318800212,0.14171203937558383
cdm_premier_covid_v1240,16733,16736,3,4060556212,0.13876363613453052
cdm_premier_covid_v1240,16733,16736,3,374888212,-0.13687467376498255
cdm_premier_covid_v1240,16733,16736,3,4207184212,-0.13671974382494728
cdm_premier_covid_v1240,16733,16736,3,4132314212,-0.13637006771122553
cdm_premier_covid_v1240,16733,16736,3,194087212,-0.1344709667880634
cdm_premier_covid_v1240,16733,16736,3,8003,0.13063880856752305
cdm_premier_covid_v1240,16733,16736,3,436096212,-0.12646317309038044
cdm_premier_covid_v1240,16733,16736,3,4158346212,-0.12236209822839177
cdm_premier_covid_v1240,16733,16736,3,377091212,0.12123483832196301
cdm_premier_covid_v1240,16733,16736,3,376686212,-0.11765965112452909
cdm_premier_covid_v1240,16733,16736,3,4301699212,0.11501935878812862
cdm_premier_covid_v1240,16733,16736,3,4092879212,0.114747368502993
cdm_premier_covid_v1240,16733,16736,3,444100212,0.11254498734233317
cdm_premier_covid_v1240,16733,16736,3,81902212,0.106716783452674
cdm_premier_covid_v1240,16733,16736,3,37016349212,-0.10606610240917473
cdm_premier_covid_v1240,16733,16736,3,4192640212,0.1049363574432005
cdm_premier_covid_v1240,16733,16736,3,4145825212,-0.10048857782180232
cdm_premier_covid_v1240,16733,16736,3,18003,-0.10029150371935869
cdm_premier_covid_v1240,16733,16736,3,44784217212,0.09998114912877308
cdm_premier_covid_v1240,16733,16736,3,372654212,0.0975728787993806
cdm_premier_covid_v1240,16733,16736,3,376961212,-0.09680956022749075
cdm_premier_covid_v1240,16733,16736,3,435515212,0.08894114752295898
cdm_premier_covid_v1240,16733,16736,3,433736212,0.07822521405270018
cdm_premier_covid_v1240,16733,16736,3,4242411212,-0.0773014123420078
cdm_premier_covid_v1240,16733,16736,3,46270151212,0.0730761414956959
cdm_premier_covid_v1240,16733,16736,3,5003,0.07263417869747016
cdm_premier_covid_v1240,16733,16736,3,435517212,-0.07216297405571123
cdm_premier_covid_v1240,16733,16736,3,4008576212,0.07043293586055917
cdm_premier_covid_v1240,16733,16736,3,37311061212,0.06966587122762262
cdm_premier_covid_v1240,16733,16736,3,4029269212,-0.06742377303481886
cdm_premier_covid_v1240,16733,16736,3,4004672212,-0.06433927214217895
cdm_premier_covid_v1240,16733,16736,3,438730212,-0.06358832121576952
cdm_premier_covid_v1240,16733,16736,3,444031212,-0.06327585923168288
cdm_premier_covid_v1240,16733,16736,3,4256228212,-0.062091270094905476
cdm_premier_covid_v1240,16733,16736,3,80502212,-0.06189150129789629
cdm_premier_covid_v1240,16733,16736,3,4344497212,0.05833265609645879
cdm_premier_covid_v1240,16733,16736,3,435796212,0.05563014033207794
cdm_premier_covid_v1240,16733,16736,3,443601212,0.05540623039913215
cdm_premier_covid_v1240,16733,16736,3,441542212,0.0541441509866281
cdm_premier_covid_v1240,16733,16736,3,4063381212,0.05400181825597387
cdm_premier_covid_v1240,16733,16736,3,439392212,0.05194170287943798
cdm_premier_covid_v1240,16733,16736,3,4093780212,0.05158642983328525
cdm_premier_covid_v1240,16733,16736,3,442588212,-0.04772365113426482
cdm_premier_covid_v1240,16733,16736,3,201820212,0.047279407512778746
cdm_premier_covid_v1240,16733,16736,3,4112341212,-0.047267266031088946
cdm_premier_covid_v1240,16733,16736,3,4185932212,-0.04553026716388064
cdm_premier_covid_v1240,16733,16736,3,4025938212,0.042468093834612176
cdm_premier_covid_v1240,16733,16736,3,4022830212,-0.04208607743835813
cdm_premier_covid_v1240,16733,16736,3,44782429212,0.0396910396700129
cdm_premier_covid_v1240,16733,16736,3,198803212,-0.03952974404363239
cdm_premier_covid_v1240,16733,16736,3,4209423212,0.03884639285343927
cdm_premier_covid_v1240,16733,16736,3,14003,-0.038211788051409776
cdm_premier_covid_v1240,16733,16736,3,40484533212,0.03608816164260334
cdm_premier_covid_v1240,16733,16736,3,436222212,-0.03601390009597651
cdm_premier_covid_v1240,16733,16736,3,4129389212,0.03583357631982563
cdm_premier_covid_v1240,16733,16736,3,4178680212,0.03547357231513695
cdm_premier_covid_v1240,16733,16736,3,437827212,0.034606540444631316
cdm_premier_covid_v1240,16733,16736,3,8532001,0.03270080846107181
cdm_premier_covid_v1240,16733,16736,3,4175297212,-0.02978217059803145
cdm_premier_covid_v1240,16733,16736,3,4170143212,-0.023155829634473785
cdm_premier_covid_v1240,16733,16736,3,11003,0.023077922780080317
cdm_premier_covid_v1240,16733,16736,3,4223659212,-0.02272990997099105
cdm_premier_covid_v1240,16733,16736,3,4101343212,0.021761834458227835
cdm_premier_covid_v1240,16733,16736,3,317009212,0.02029371911994903
cdm_premier_covid_v1240,16733,16736,3,444108212,-0.01964774239752914
cdm_premier_covid_v1240,16733,16736,3,40481841212,-0.01935691524931624
cdm_premier_covid_v1240,16733,16736,3,31317212,0.018584827635383716
cdm_premier_covid_v1240,16733,16736,3,40483111212,-0.018340840498267116
cdm_premier_covid_v1240,16733,16736,3,4080011212,-0.018139901051739966
cdm_premier_covid_v1240,16733,16736,3,4098604212,0.017678970479962367
cdm_premier_covid_v1240,16733,16736,3,9003,0.017626645235291626
cdm_premier_covid_v1240,16733,16736,3,320128212,0.017488732092278782
cdm_premier_covid_v1240,16733,16736,3,4138840212,-0.017118898242824223
cdm_premier_covid_v1240,16733,16736,3,37017432212,-0.016400552795531636
cdm_premier_covid_v1240,16733,16736,3,4201128212,0.01610280221455506
cdm_premier_covid_v1240,16733,16736,3,42536605212,0.014871478330489662
cdm_premier_covid_v1240,16733,16736,3,196523212,0.014338932510693231
cdm_premier_covid_v1240,16733,16736,3,40481919212,0.014260540437317004
cdm_premier_covid_v1240,16733,16736,3,4088937212,0.014121177276459394
cdm_premier_covid_v1240,16733,16736,3,435613212,0.01363194174616675
cdm_premier_covid_v1240,16733,16736,3,4080146212,0.0133986855950173
cdm_premier_covid_v1240,16733,16736,3,4009650212,-0.012941746869548479
cdm_premier_covid_v1240,16733,16736,3,4041664212,-0.010522737282396059
cdm_premier_covid_v1240,16733,16736,3,37018424212,0.010384512222829132
cdm_premier_covid_v1240,16733,16736,3,4100065212,-0.008664668202527172
cdm_premier_covid_v1240,16733,16736,3,4332151212,0.005795175009529915
cdm_premier_covid_v1240,16733,16736,3,4013991212,0.004911836036284824
cdm_premier_covid_v1240,16733,16736,3,4134440212,-0.004285796057839258
cdm_premier_covid_v1240,16733,16736,3,321588212,0.003665250001147285
cdm_premier_covid_v1240,16733,16736,3,4245042212,0.002451991592778316
cdm_premier_covid_v1240,16733,16736,3,4213310212,-0.002094412277665463
cdm_premier_covid_v1240,16733,16736,3,443784212,-0.0016621679690324684
cdm_premier_covid_v1240,16733,16736,3,4341650212,-0.0012312612236860298
cdm_premier_covid_v1240,16733,16736,3,4209145212,9.827267088325646e-4
cdm_premier_covid_v1240,16733,16736,3,197032212,-6.011112419020354e-4
cdm_premier_covid_v1240,16733,16736,3,435224212,4.986813045641306e-4
cdm_premier_covid_v1240,16733,16738,3,201340212,0.8934360042639777
cdm_premier_covid_v1240,16733,16738,3,37311061212,-0.7550576639365456
cdm_premier_covid_v1240,16733,16738,3,437390212,-0.7070448613104028
cdm_premier_covid_v1240,16733,16738,3,444094212,0.6237309418362685
cdm_premier_covid_v1240,16733,16738,3,4216316212,0.581546829246197
cdm_premier_covid_v1240,16733,16738,3,31317212,0.4967646854992739
cdm_premier_covid_v1240,16733,16738,3,261326212,-0.46308315134983147
cdm_premier_covid_v1240,16733,16738,3,4116811212,0.4467394020148378
cdm_premier_covid_v1240,16733,16738,3,4092879212,0.42589227864175777
cdm_premier_covid_v1240,16733,16738,3,4158346212,-0.42191642070073554
cdm_premier_covid_v1240,16733,16738,3,200219212,0.41373934561685366
cdm_premier_covid_v1240,16733,16738,3,4144111212,0.39591006706338133
cdm_premier_covid_v1240,16733,16738,3,4041664212,-0.3857053788425162
cdm_premier_covid_v1240,16733,16738,3,4129389212,0.36957054720844207
cdm_premier_covid_v1240,16733,16738,3,441408212,0.3609572425257176
cdm_premier_covid_v1240,16733,16738,3,443410212,-0.3420085740018717
cdm_premier_covid_v1240,16733,16738,3,440921212,0.34125459882218434
cdm_premier_covid_v1240,16733,16738,3,437833212,0.33223368558516053
cdm_premier_covid_v1240,16733,16738,3,377091212,0.32877698183412474
cdm_premier_covid_v1240,16733,16738,3,4134294212,0.3267713093662218
cdm_premier_covid_v1240,16733,16738,3,44784217212,0.29643385043786147
cdm_premier_covid_v1240,16733,16738,3,432585212,0.2902589785340346
cdm_premier_covid_v1240,16733,16738,3,444100212,0.2806093060788642
cdm_premier_covid_v1240,16733,16738,3,434610212,-0.264155858871436
cdm_premier_covid_v1240,16733,16738,3,42537748212,0.24692700130172807
cdm_premier_covid_v1240,16733,16738,3,443916212,-0.24692235987430342
cdm_premier_covid_v1240,16733,16738,3,4233565212,0.2330023674619498
cdm_premier_covid_v1240,16733,16738,3,442310212,0.2286311429044054
cdm_premier_covid_v1240,16733,16738,3,4034964212,0.22266229432928342
cdm_premier_covid_v1240,16733,16738,3,432739212,-0.21572887927914927
cdm_premier_covid_v1240,16733,16738,3,4208662212,-0.21511277109895016
cdm_premier_covid_v1240,16733,16738,3,4209423212,0.20821874973497645
cdm_premier_covid_v1240,16733,16738,3,4028367212,0.2037524859156331
cdm_premier_covid_v1240,16733,16738,3,4063381212,0.20149704956123715
cdm_premier_covid_v1240,16733,16738,3,4190185212,0.19837162160146518
cdm_premier_covid_v1240,16733,16738,3,4231363212,0.19367803189886623
cdm_premier_covid_v1240,16733,16738,3,436096212,-0.18901855273632068
cdm_premier_covid_v1240,16733,16738,3,135333212,0.18661378242192092
cdm_premier_covid_v1240,16733,16738,3,81902212,0.18481884020381445
cdm_premier_covid_v1240,16733,16738,3,435613212,0.17242965537313207
cdm_premier_covid_v1240,16733,16738,3,4093780212,0.16885625213475788
cdm_premier_covid_v1240,16733,16738,3,17003,-0.16834250832156686
cdm_premier_covid_v1240,16733,16738,3,43021132212,0.15730395790923007
cdm_premier_covid_v1240,16733,16738,3,44782429212,0.1525999933944899
cdm_premier_covid_v1240,16733,16738,3,8532001,0.15185669023047815
cdm_premier_covid_v1240,16733,16738,3,40484533212,0.14363992414142782
cdm_premier_covid_v1240,16733,16738,3,31967212,0.13221530099265358
cdm_premier_covid_v1240,16733,16738,3,4138840212,-0.12787737356230167
cdm_premier_covid_v1240,16733,16738,3,16003,-0.1275021227059601
cdm_premier_covid_v1240,16733,16738,3,5003,0.12717731334210375
cdm_premier_covid_v1240,16733,16738,3,4344497212,0.12322643884047184
cdm_premier_covid_v1240,16733,16738,3,432545212,0.12104319821048545
cdm_premier_covid_v1240,16733,16738,3,435742212,0.12017698437343594
cdm_premier_covid_v1240,16733,16738,3,441829212,-0.11982275624988399
cdm_premier_covid_v1240,16733,16738,3,312437212,-0.1186631125090977
cdm_premier_covid_v1240,16733,16738,3,196236212,0.11738360987295056
cdm_premier_covid_v1240,16733,16738,3,254761212,-0.11721214313266477
cdm_premier_covid_v1240,16733,16738,3,256451212,0.11539078677422146
cdm_premier_covid_v1240,16733,16738,3,4028389212,-0.10966203677786472
cdm_premier_covid_v1240,16733,16738,3,4193704212,0.10765358238324524
cdm_premier_covid_v1240,16733,16738,3,45768910212,-0.10512167932825899
cdm_premier_covid_v1240,16733,16738,3,4029269212,-0.10427091004383078
cdm_premier_covid_v1240,16733,16738,3,4006969212,-0.09984364876850908
cdm_premier_covid_v1240,16733,16738,3,442077212,0.09951874093752933
cdm_premier_covid_v1240,16733,16738,3,4022830212,-0.09937162100814904
cdm_premier_covid_v1240,16733,16738,3,4043371212,0.09866225571346661
cdm_premier_covid_v1240,16733,16738,3,4145825212,-0.09717875062628385
cdm_premier_covid_v1240,16733,16738,3,261880212,0.08811729429596551
cdm_premier_covid_v1240,16733,16738,3,433595212,0.08458358275053067
cdm_premier_covid_v1240,16733,16738,3,0,-0.08278509885448705
cdm_premier_covid_v1240,16733,16738,3,4150129212,-0.08078959496171978
cdm_premier_covid_v1240,16733,16738,3,40481841212,-0.07786070900884691
cdm_premier_covid_v1240,16733,16738,3,80502212,-0.07711202202314586
cdm_premier_covid_v1240,16733,16738,3,374009212,0.07587723054876741
cdm_premier_covid_v1240,16733,16738,3,4176946212,-0.07074012796947941
cdm_premier_covid_v1240,16733,16738,3,320128212,0.06667768620537926
cdm_premier_covid_v1240,16733,16738,3,4182210212,0.06455933434178082
cdm_premier_covid_v1240,16733,16738,3,4098604212,0.06451703833296087
cdm_premier_covid_v1240,16733,16738,3,435796212,0.0638303458594542
cdm_premier_covid_v1240,16733,16738,3,372654212,0.06366117016039949
cdm_premier_covid_v1240,16733,16738,3,4291005212,-0.06027376247064091
cdm_premier_covid_v1240,16733,16738,3,437113212,-0.05836158279741539
cdm_premier_covid_v1240,16733,16738,3,194990212,-0.054269098530117715
cdm_premier_covid_v1240,16733,16738,3,435875212,0.052147983467503795
cdm_premier_covid_v1240,16733,16738,3,4185932212,-0.05146014619618573
cdm_premier_covid_v1240,16733,16738,3,73553212,-0.051146890119516286
cdm_premier_covid_v1240,16733,16738,3,4316083212,0.050201880789779
cdm_premier_covid_v1240,16733,16738,3,194087212,-0.04905449226807059
cdm_premier_covid_v1240,16733,16738,3,8003,0.04846234144148479
cdm_premier_covid_v1240,16733,16738,3,140673212,0.04549295646013556
cdm_premier_covid_v1240,16733,16738,3,435224212,0.04498415253473665
cdm_premier_covid_v1240,16733,16738,3,253506212,-0.04320263681642013
cdm_premier_covid_v1240,16733,16738,3,6003,0.040256250371153816
cdm_premier_covid_v1240,16733,16738,3,42536605212,0.03887359514121524
cdm_premier_covid_v1240,16733,16738,3,312349212,-0.03528808822581381
cdm_premier_covid_v1240,16733,16738,3,439392212,0.035062127003203096
cdm_premier_covid_v1240,16733,16738,3,46271022212,0.031342518273047425
cdm_premier_covid_v1240,16733,16738,3,255573212,0.03062277529151696
cdm_premier_covid_v1240,16733,16738,3,4101343212,0.030505149993705804
cdm_premier_covid_v1240,16733,16738,3,317009212,-0.030293417968501855
cdm_premier_covid_v1240,16733,16738,3,4018852212,-0.023774880691806548
cdm_premier_covid_v1240,16733,16738,3,4192640212,0.022039412435949268
cdm_premier_covid_v1240,16733,16738,3,40321716212,0.02089538025309637
cdm_premier_covid_v1240,16733,16738,3,4132926212,0.02047453571454999
cdm_premier_covid_v1240,16733,16738,3,4201128212,0.01671646827093171
cdm_premier_covid_v1240,16733,16738,3,198803212,-0.014938027425566954
cdm_premier_covid_v1240,16733,16738,3,37395564212,-0.013354090025340663
cdm_premier_covid_v1240,16733,16738,3,4187218212,0.011352410878705895
cdm_premier_covid_v1240,16733,16738,3,9003,0.009960472906540467
cdm_premier_covid_v1240,16733,16738,3,4301699212,0.009786337203107344
cdm_premier_covid_v1240,16733,16738,3,4091015212,0.0075190623471681544
cdm_premier_covid_v1240,16733,16738,3,4004672212,-0.006978774028421632
cdm_premier_covid_v1240,16733,16738,3,4306082212,0.006895004586300171
cdm_premier_covid_v1240,16733,16738,3,197032212,-0.006439422152190575
cdm_premier_covid_v1240,16733,16738,3,4332151212,0.00618121033368396
cdm_premier_covid_v1240,16733,16738,3,437663212,-0.005524813681662283
cdm_premier_covid_v1240,16733,16738,3,4068155212,0.0046446557644124415
cdm_premier_covid_v1240,16733,16738,3,435515212,0.0033969079405883097
cdm_premier_covid_v1240,16733,16738,3,195847212,0.001960642410904256
cdm_premier_covid_v1240,16733,16738,3,433736212,3.3964616388183305e-4
cdm_premier_covid_v1240,16733,16738,3,4341650212,-5.63581212261001e-7
cdm_premier_covid_v1240,16733,16739,3,192671212,-1.2483865541597374
cdm_premier_covid_v1240,16733,16739,3,444094212,0.8313236811552182
cdm_premier_covid_v1240,16733,16739,3,4103703212,-0.6338582071218553
cdm_premier_covid_v1240,16733,16739,3,318800212,-0.6161455005757077
cdm_premier_covid_v1240,16733,16739,3,0,0.534553738395743
cdm_premier_covid_v1240,16733,16739,3,434621212,-0.2605931344476711
cdm_premier_covid_v1240,16733,16739,3,4104000212,-0.25908627213635704
cdm_premier_covid_v1240,16733,16739,3,443784212,-0.25320005459531414
cdm_premier_covid_v1240,16733,16739,3,46271075212,-0.23146815068318896
cdm_premier_covid_v1240,16733,16739,3,4027663212,-0.1883377441736547
cdm_premier_covid_v1240,16733,16739,3,4027369212,-0.1868881090218347
cdm_premier_covid_v1240,16733,16739,3,444031212,-0.17290360707146654
cdm_premier_covid_v1240,16733,16739,3,4144111212,-0.15506062079318908
cdm_premier_covid_v1240,16733,16739,3,436096212,-0.1520849812277793
cdm_premier_covid_v1240,16733,16739,3,4307774212,-0.14416964826016987
cdm_premier_covid_v1240,16733,16739,3,4272240212,-0.13928739336991217
cdm_premier_covid_v1240,16733,16739,3,316139212,-0.1366878316064082
cdm_premier_covid_v1240,16733,16739,3,433163212,-0.12744266578439536
cdm_premier_covid_v1240,16733,16739,3,4030518212,-0.11681873352919475
cdm_premier_covid_v1240,16733,16739,3,40481841212,-0.10875998708829777
cdm_premier_covid_v1240,16733,16739,3,4193169212,0.10266372472467686
cdm_premier_covid_v1240,16733,16739,3,4187768212,-0.10061238301999847
cdm_premier_covid_v1240,16733,16739,3,433736212,0.10026185310277887
cdm_premier_covid_v1240,16733,16739,3,261326212,0.09903470660150437
cdm_premier_covid_v1240,16733,16739,3,4170569212,-0.09316887120332969
cdm_premier_covid_v1240,16733,16739,3,442588212,-0.0917060351010053
cdm_premier_covid_v1240,16733,16739,3,4047791212,0.08043109680497046
cdm_premier_covid_v1240,16733,16739,3,73553212,-0.07964374178736526
cdm_premier_covid_v1240,16733,16739,3,437390212,-0.07639244474693187
cdm_premier_covid_v1240,16733,16739,3,4193990212,-0.07578395735501206
cdm_premier_covid_v1240,16733,16739,3,4179670212,-0.07423304100858497
cdm_premier_covid_v1240,16733,16739,3,4080762212,-0.07130277989200895
cdm_premier_covid_v1240,16733,16739,3,140673212,-0.07088259597720033
cdm_premier_covid_v1240,16733,16739,3,439777212,-0.060491995742467
cdm_premier_covid_v1240,16733,16739,3,4063381212,-0.05802475779785791
cdm_premier_covid_v1240,16733,16739,3,4280354212,-0.051313918716495856
cdm_premier_covid_v1240,16733,16739,3,4185932212,-0.05077982648938593
cdm_premier_covid_v1240,16733,16739,3,433595212,0.0480851165161924
cdm_premier_covid_v1240,16733,16739,3,197032212,-0.03859355786178012
cdm_premier_covid_v1240,16733,16739,3,437113212,-0.03650521998580978
cdm_premier_covid_v1240,16733,16739,3,4182210212,0.03602048701973433
cdm_premier_covid_v1240,16733,16739,3,8003,0.033338268770956726
cdm_premier_covid_v1240,16733,16739,3,192359212,-0.031145951148896078
cdm_premier_covid_v1240,16733,16739,3,198803212,-0.02953794291807905
cdm_premier_covid_v1240,16733,16739,3,257004212,-0.02890874056576742
cdm_premier_covid_v1240,16733,16739,3,4176946212,-0.024840134147306035
cdm_premier_covid_v1240,16733,16739,3,4013074212,-0.021620555186121035
cdm_premier_covid_v1240,16733,16739,3,4087640212,-0.021272392300997648
cdm_premier_covid_v1240,16733,16739,3,435515212,0.01980744426463372
cdm_premier_covid_v1240,16733,16739,3,4042074212,0.01867015545861477
cdm_premier_covid_v1240,16733,16739,3,14003,-0.018322081570642208
cdm_premier_covid_v1240,16733,16739,3,8507001,0.01791048448841449
cdm_premier_covid_v1240,16733,16739,3,4267432212,-0.017659707245995856
cdm_premier_covid_v1240,16733,16739,3,313217212,-0.017027839435973028
cdm_premier_covid_v1240,16733,16739,3,4197065212,-0.015478837704276013
cdm_premier_covid_v1240,16733,16739,3,316866212,-0.014691719921630273
cdm_premier_covid_v1240,16733,16739,3,261880212,0.012485568007617033
cdm_premier_covid_v1240,16733,16739,3,254761212,0.012002483541251273
cdm_premier_covid_v1240,16733,16739,3,4101343212,-0.009823557933682163
cdm_premier_covid_v1240,16733,16739,3,4179922212,-0.009352642402390808
cdm_premier_covid_v1240,16733,16739,3,4009650212,-0.00755819422984368
cdm_premier_covid_v1240,16733,16739,3,4080011212,0.0060141360988684054
cdm_premier_covid_v1240,16733,16739,3,132797212,0.004433285626270631
cdm_premier_covid_v1240,16733,16739,3,40483111212,-0.0030345354464707056
cdm_premier_covid_v1240,16733,16739,3,4028244212,-0.0029611361831220003
cdm_premier_covid_v1240,16733,16739,3,4013842212,-3.016888564854804e-6
cdm_premier_covid_v1240,16761,16762,3,317009212,-1.3480276020337527
cdm_premier_covid_v1240,16761,16762,3,257004212,-0.3275431189527406
cdm_premier_covid_v1240,16761,16762,3,252662212,-0.27313967068734585
cdm_premier_covid_v1240,16761,16762,3,255573212,-0.24242864087703273
cdm_premier_covid_v1240,16761,16762,3,4329041212,0.18954212686719057
cdm_premier_covid_v1240,16761,16762,3,437390212,-0.17788779716782546
cdm_premier_covid_v1240,16761,16762,3,444100212,0.13398632752324635
cdm_premier_covid_v1240,16761,16762,3,433736212,-0.0765259728580158
cdm_premier_covid_v1240,16761,16762,3,198124212,0.06781219461231516
cdm_premier_covid_v1240,16761,16762,3,8507001,0.039755644064851395
cdm_premier_covid_v1240,16761,16762,3,437833212,0.036135044222922866
cdm_premier_covid_v1240,16761,16762,3,4028244212,0.030258446881931935
cdm_premier_covid_v1240,16761,16762,3,0,-0.023781064645955582
cdm_premier_covid_v1240,16761,16762,3,4276360212,0.013778343966479917
cdm_premier_covid_v1240,16761,16762,3,435227212,0.008214299899837215
cdm_premier_covid_v1240,16761,16762,3,4125022212,-0.0022852102295828846
cdm_premier_covid_v1240,16761,16762,3,45771045212,-7.15040915466279e-4
